"test4","Test 4","44","She/Her","null","null","null","F","H","Others","44448888", "[]", "[]", "[]", "[]"
"lov123","Lovina","20","She/Her","null","null","null","F","H","Music","12345678", "[]", "[]", "[]", "[]"
"panda","Peter Panda","33","He/Him","null","null","null","M","B","Exercise","12345678", "[]", "[]", "[]", "[]"
"test2","Test 2","22","He/Him","null","null","null","M","G","Culinary","22222222", "[]", "[]", "[]", "[]"
"test 3","Test 3","33","They/Them","null","null","null","N","L","Culinary","33333333", "[]", "[]", "[]", "[]"
"watermelonsugar","Harry Styles","30","He/Him","null","null","null","M","H","Exercise","123456789", "[]", "[]", "[]", "[]"
"internationalplayboy","Jungkook","25","He/Him","null","null","null","M","H","travelling","busan123", "[]", "[]", "[]", "[]"
"jisoo_dior","Kim Jisoo","25","She/Her","null","null","null","F","H","Fashion","snowdrop", "[]", "[]", "[]", "[]"
"goat","Lionel Messi","30","He/Him","null","null","null","M","H","Exercise","barcelona", "[]", "[]", "[]", "[]"
"miss americana","Taylor Swift","30","He/Him","null","null","null","M","G","Culinary","alltoowell", "[]", "[]", "[]", "[]"
"deepvoice","Taehyung","27","He/Him","null","null","null","M","H","photography","daegu456", "[]", "[]", "[]", "[]"
